url	first_seen	portal	title	company	status	location
https://job-boards.greenhouse.io/airtable/jobs/8442397002	2026-06-30	greenhouse-api	Software Engineer, Compute (8+ YOE)	Airtable	added	San Francisco, CA; New York, NY; Remote - US
https://job-boards.greenhouse.io/airtable/jobs/8400388002	2026-06-30	greenhouse-api	Software Engineer, Infrastructure (8+ YOE)	Airtable	added	San Francisco, CA; New York, NY; Remote - US (Seattle, WA only)
https://job-boards.greenhouse.io/vercel/jobs/6093255004	2026-06-30	greenhouse-api	Security Software Engineer, IAM	Vercel	added	Remote - United States
https://job-boards.greenhouse.io/vercel/jobs/5788954004	2026-06-30	greenhouse-api	Senior Software Engineer, Trust & Safety	Vercel	added	Remote - United States
https://job-boards.greenhouse.io/vercel/jobs/5430088004	2026-06-30	greenhouse-api	Software Engineer, Backend	Vercel	added	Remote - United States
https://job-boards.greenhouse.io/vercel/jobs/5473266004	2026-06-30	greenhouse-api	Software Engineer, CDN Security	Vercel	added	Remote - United States
https://job-boards.greenhouse.io/vercel/jobs/5551619004	2026-06-30	greenhouse-api	Software Engineer, Compute	Vercel	added	Remote - United States
https://job-boards.greenhouse.io/vercel/jobs/5661583004	2026-06-30	greenhouse-api	Software Engineer, Lua	Vercel	added	Remote - United States
https://job-boards.greenhouse.io/postman/jobs/7776298003	2026-06-30	greenhouse-api	Software Engineer, Authorization	Postman	added	Hyderabad, Telangana, India
https://job-boards.greenhouse.io/postman/jobs/7687341003	2026-06-30	greenhouse-api	Software Engineer, IAM	Postman	added	Hyderabad, Telangana, India
https://job-boards.greenhouse.io/grafanalabs/jobs/5807088004	2026-06-30	greenhouse-api	Senior Backend Engineer - Databases Pyroscope | Canada | Remote	Grafana Labs	added	Canada (Remote)
https://job-boards.greenhouse.io/grafanalabs/jobs/5807096004	2026-06-30	greenhouse-api	Senior Backend Engineer - Databases Pyroscope | US | Remote	Grafana Labs	added	United States (Remote)
https://job-boards.greenhouse.io/grafanalabs/jobs/6019652004	2026-06-30	greenhouse-api	Senior Backend Engineer - Grafana Backend Services | Germany | Remote	Grafana Labs	added	Germany (Remote)
https://job-boards.greenhouse.io/grafanalabs/jobs/6019651004	2026-06-30	greenhouse-api	Senior Backend Engineer - Grafana Backend Services | Ireland | Remote	Grafana Labs	added	Republic of Ireland (Remote)
https://job-boards.greenhouse.io/grafanalabs/jobs/6019653004	2026-06-30	greenhouse-api	Senior Backend Engineer - Grafana Backend Services | Spain | Remote	Grafana Labs	added	Spain (Remote)
https://job-boards.greenhouse.io/grafanalabs/jobs/6019654004	2026-06-30	greenhouse-api	Senior Backend Engineer - Grafana Backend Services | Sweden | Remote	Grafana Labs	added	Sweden (Remote)
https://job-boards.greenhouse.io/grafanalabs/jobs/6019656004	2026-06-30	greenhouse-api	Senior Backend Engineer - Grafana Backend Services | UK | Remote	Grafana Labs	added	United Kingdom (Remote)
https://job-boards.greenhouse.io/grafanalabs/jobs/5984599004	2026-06-30	greenhouse-api	Senior Software Engineer - Application Core Services | Spain | Remote	Grafana Labs	added	Spain (Remote)
https://job-boards.greenhouse.io/grafanalabs/jobs/6101645004	2026-06-30	greenhouse-api	Senior Software Engineer - Grafana Cloud Observability Provider | Germany | Remote	Grafana Labs	added	Germany (Remote)
https://job-boards.greenhouse.io/grafanalabs/jobs/6101648004	2026-06-30	greenhouse-api	Senior Software Engineer - Grafana Cloud Observability Provider | Spain | Remote	Grafana Labs	added	Spain (Remote)
https://job-boards.greenhouse.io/grafanalabs/jobs/6101649004	2026-06-30	greenhouse-api	Senior Software Engineer - Grafana Cloud Observability Provider | Sweden | Remote	Grafana Labs	added	Sweden (Remote)
https://job-boards.greenhouse.io/grafanalabs/jobs/6101597004	2026-06-30	greenhouse-api	Senior Software Engineer - Grafana Cloud Observability Provider | UK | Remote	Grafana Labs	added	United Kingdom (Remote)
https://job-boards.greenhouse.io/grafanalabs/jobs/6099850004	2026-06-30	greenhouse-api	Senior Software Engineer - Grafana Databases, Managed Services | Germany | Remote	Grafana Labs	added	Germany (Remote)
https://job-boards.greenhouse.io/grafanalabs/jobs/5989632004	2026-06-30	greenhouse-api	Senior Software Engineer - Grafana Databases, Managed Services | Ireland | Remote	Grafana Labs	added	Republic of Ireland (Remote)
https://job-boards.greenhouse.io/grafanalabs/jobs/5989629004	2026-06-30	greenhouse-api	Senior Software Engineer - Grafana Databases, Managed Services | Spain | Remote	Grafana Labs	added	Spain (Remote)
https://job-boards.greenhouse.io/grafanalabs/jobs/5989631004	2026-06-30	greenhouse-api	Senior Software Engineer - Grafana Databases, Managed Services | UK | Remote	Grafana Labs	added	United Kingdom (Remote)
https://job-boards.greenhouse.io/grafanalabs/jobs/5979016004	2026-06-30	greenhouse-api	Senior Software Engineer - Observability Real User Monitoring (RUM) | Canada | Remote	Grafana Labs	added	Canada (Remote)
https://job-boards.greenhouse.io/grafanalabs/jobs/5979012004	2026-06-30	greenhouse-api	Senior Software Engineer - Observability Real User Monitoring (RUM) | US | Remote	Grafana Labs	added	United States (Remote)
https://job-boards.greenhouse.io/grafanalabs/jobs/5799745004	2026-06-30	greenhouse-api	Staff Backend Engineer - Adaptive Telemetry, Databases | Canada | Remote	Grafana Labs	added	Canada (Remote)
https://job-boards.greenhouse.io/grafanalabs/jobs/5799744004	2026-06-30	greenhouse-api	Staff Backend Engineer - Adaptive Telemetry, Databases | USA | Remote	Grafana Labs	added	United States (Remote)
https://job-boards.greenhouse.io/grafanalabs/jobs/5985793004	2026-06-30	greenhouse-api	Staff Backend Engineer - Application Core Services, Stacks | Canada | Remote	Grafana Labs	added	Canada (Remote)
https://job-boards.greenhouse.io/grafanalabs/jobs/5968728004	2026-06-30	greenhouse-api	Staff Backend Engineer - Application Core Services, Stacks | USA | Remote	Grafana Labs	added	United States (Remote)
https://job-boards.greenhouse.io/grafanalabs/jobs/5982443004	2026-06-30	greenhouse-api	Staff Backend Engineer - Databases Tempo | Canada | Remote	Grafana Labs	added	Canada (Remote)
https://job-boards.greenhouse.io/grafanalabs/jobs/5982444004	2026-06-30	greenhouse-api	Staff Backend Engineer - Databases Tempo | US | Remote	Grafana Labs	added	United States (Remote)
https://job-boards.greenhouse.io/grafanalabs/jobs/5988483004	2026-06-30	greenhouse-api	Staff Backend Engineer - Grafana App Platform | Canada | Remote	Grafana Labs	added	Canada (Remote)
https://job-boards.greenhouse.io/grafanalabs/jobs/5988484004	2026-06-30	greenhouse-api	Staff Backend Engineer - Grafana App Platform | US | Remote	Grafana Labs	added	United States (Remote)
https://job-boards.greenhouse.io/grafanalabs/jobs/6007413004	2026-06-30	greenhouse-api	Staff Backend Engineer - Grafana Enterprise | Canada | Remote	Grafana Labs	added	Canada (Remote)
https://job-boards.greenhouse.io/grafanalabs/jobs/6007414004	2026-06-30	greenhouse-api	Staff Backend Engineer - Grafana Enterprise | US | Remote	Grafana Labs	added	United States (Remote)
https://job-boards.greenhouse.io/grafanalabs/jobs/5978590004	2026-06-30	greenhouse-api	Staff Backend Engineer - Session Replay | Canada | Remote	Grafana Labs	added	Canada (Remote)
https://job-boards.greenhouse.io/grafanalabs/jobs/5978589004	2026-06-30	greenhouse-api	Staff Backend Engineer - Session Replay | USA | Remote	Grafana Labs	added	United States (Remote)
https://job-boards.greenhouse.io/grafanalabs/jobs/6011797004	2026-06-30	greenhouse-api	Staff Software Engineer | Canada |Remote	Grafana Labs	added	Canada (Remote)
https://job-boards.greenhouse.io/grafanalabs/jobs/6103688004	2026-06-30	greenhouse-api	Staff Software Engineer - Databases SRE | Germany | Remote	Grafana Labs	added	Germany (Remote)
https://job-boards.greenhouse.io/grafanalabs/jobs/6103685004	2026-06-30	greenhouse-api	Staff Software Engineer - Databases SRE | Spain | Remote	Grafana Labs	added	Spain (Remote)
https://job-boards.greenhouse.io/grafanalabs/jobs/6103687004	2026-06-30	greenhouse-api	Staff Software Engineer - Databases SRE | Sweden | Remote	Grafana Labs	added	Sweden (Remote)
https://job-boards.greenhouse.io/grafanalabs/jobs/6101637004	2026-06-30	greenhouse-api	Staff Software Engineer - Databases SRE | UK | Remote	Grafana Labs	added	United Kingdom (Remote)
https://job-boards.greenhouse.io/grafanalabs/jobs/6013355004	2026-06-30	greenhouse-api	Staff Software Engineer - Platform, SysEng | Canada | Remote	Grafana Labs	added	Canada (Remote)
https://job-boards.greenhouse.io/grafanalabs/jobs/6013354004	2026-06-30	greenhouse-api	Staff Software Engineer - Platform, SysEng | USA | Remote	Grafana Labs	added	United States (Remote)
https://job-boards.greenhouse.io/grafanalabs/jobs/5735539004	2026-06-30	greenhouse-api	Staff Software Engineer | United States | Remote	Grafana Labs	added	United States (Remote)
https://careers.expediagroup.com/job/software-development-engineer-ii/bangalore-bangalore/R-107354/	2026-07-05	expedia-careers	Software Development Engineer II	Expedia Group	added	Bangalore, India
https://careers.expediagroup.com/job/senior-manager-software-development-engineering/bangalore-bangalore/R-105296/	2026-07-05	expedia-careers	Senior Manager, Software Development Engineering	Expedia Group	skipped	Bangalore, India
https://careers.expediagroup.com/job/principal-software-development-engineer-gen-ai/bangalore-bangalore/R-99230/	2026-07-05	expedia-careers	Principal Software Development Engineer - Gen AI	Expedia Group	skipped	Bangalore, India
https://careers.expediagroup.com/job/senior-machine-learning-engineer/bangalore-bangalore/R-104618/	2026-07-05	expedia-careers	Senior Machine Learning Engineer	Expedia Group	skipped	Bangalore, India
https://careers.expediagroup.com/job/senior-software-development-engineer/gurgaon-hary-na/R-107460/	2026-07-05	expedia-careers	Senior Software Development Engineer	Expedia Group	added	Gurgaon, India
https://careers.expediagroup.com/job/network-engineer-i/gurgaon-hary-na/R-105185/	2026-07-05	expedia-careers	Network Engineer I	Expedia Group	skipped	Gurgaon, India
https://careers.expediagroup.com/job/machine-learning-engineer-ii-data-engineering-heavy/gurgaon-hary-na/R-106937/	2026-07-05	expedia-careers	Machine Learning Engineer II (Data engineering heavy)	Expedia Group	skipped	Gurgaon, India
https://careers.expediagroup.com/job/senior-software-development-engineer/gurgaon-hary-na/R-104518/	2026-07-05	expedia-careers	Senior Software Development Engineer	Expedia Group	added	Gurgaon, India
https://careers.expediagroup.com/job/senior-manager-software-development-engineering-gen-ai-platform/gurgaon-hary-na/R-102756/	2026-07-05	expedia-careers	Senior Manager, SDE (Gen AI Platform)	Expedia Group	skipped	Gurgaon, India
https://careers.expediagroup.com/job/senior-mobile-engineer-ios/gurgaon-hary-na/R-97402/	2026-07-05	expedia-careers	Senior Mobile Engineer, iOS	Expedia Group	skipped	Gurgaon, India
https://careers.expediagroup.com/job/senior-software-development-engineer/gurgaon-hary-na/R-105047/	2026-07-05	expedia-careers	Senior Software Development Engineer	Expedia Group	added	Gurgaon, India
https://expedia.wd108.myworkdayjobs.com/search/job/India---Bangalore/Software-Development-Engineer-II_R-107354	2026-07-05	workday-api	Software Development Engineer II	Expedia Group	added	India - Bangalore
https://expedia.wd108.myworkdayjobs.com/search/job/India---Gurgaon/Senior-Software-Development-Engineer_R-107460	2026-07-05	workday-api	Senior Software Development Engineer	Expedia Group	added	India - Gurgaon
https://expedia.wd108.myworkdayjobs.com/search/job/India---Bangalore/Principal-Software-Development-Engineer---Gen-AI_R-99230	2026-07-05	workday-api	Principal Software Development Engineer - Gen AI	Expedia Group	added	India - Bangalore
https://adobe.wd5.myworkdayjobs.com/external_experienced/job/Noida/Software-Development-Engineer-4_R170174	2026-07-05	workday-api	Software Development Engineer 4 (C++)	Adobe	added	Noida
https://adobe.wd5.myworkdayjobs.com/external_experienced/job/Bangalore/Software-Development-Engineer-4---Fullstack---Backend-heavy_R169194-1	2026-07-05	workday-api	Software Development Engineer 4 - Fullstack - Backend heavy	Adobe	added	Bangalore
https://adobe.wd5.myworkdayjobs.com/external_experienced/job/Noida/SDE--2---Python---Gen-AI--_R169874-1	2026-07-05	workday-api	SDE -2 ( Python & Gen AI )	Adobe	added	Noida
https://adobe.wd5.myworkdayjobs.com/external_experienced/job/Noida/Software-Development-Engineer-5--Architect-_R169280-1	2026-07-05	workday-api	Software Development Engineer 5 (Architect)	Adobe	added	Noida
https://adobe.wd5.myworkdayjobs.com/external_experienced/job/Bangalore/Software-Engineer-3_R165330-1	2026-07-05	workday-api	Software Engineer 3	Adobe	added	Bangalore
https://mastercard.wd1.myworkdayjobs.com/CorporateCareers/job/Pune-India/Lead-Software-Engineer_R-278493-1	2026-07-05	workday-api	Lead Software Engineer	Mastercard	added	Pune, India
https://mastercard.wd1.myworkdayjobs.com/CorporateCareers/job/Pune-India/Lead-Software-Engineer---Java-Backend_R-273738	2026-07-05	workday-api	Lead Software Engineer - Java Backend	Mastercard	added	Pune, India
https://mastercard.wd1.myworkdayjobs.com/CorporateCareers/job/Pune-India/Senior-Software-Engineer-2_R-270947	2026-07-05	workday-api	Senior Software Engineer-2	Mastercard	added	Pune, India
https://mastercard.wd1.myworkdayjobs.com/CorporateCareers/job/Pune-India/Senior-Software-Engineer_R-277729-1	2026-07-05	workday-api	Senior Software Engineer	Mastercard	added	Pune, India
https://mastercard.wd1.myworkdayjobs.com/CorporateCareers/job/Pune-India/Senior-Software-Engineer---File-Transfer-Services_R-281842-1	2026-07-05	workday-api	Senior Software Engineer - File Transfer Services	Mastercard	added	Pune, India
https://mastercard.wd1.myworkdayjobs.com/CorporateCareers/job/Pune-India/Software-Engineer-II--Full-stack-developer--2_R-280827	2026-07-05	workday-api	Software Engineer II (Full stack developer)-2	Mastercard	added	Pune, India
https://mastercard.wd1.myworkdayjobs.com/CorporateCareers/job/Pune-India/Lead-Software-Engineer---Full-Stack--Java--Micro-services--React-Angular-_R-280419	2026-07-05	workday-api	Lead Software Engineer - Full Stack (Java, Micro-services, React/Angular)	Mastercard	added	Pune, India
https://mastercard.wd1.myworkdayjobs.com/CorporateCareers/job/Pune-India/Principal-Software-Engineer_R-274663-1	2026-07-05	workday-api	Principal Software Engineer	Mastercard	added	Pune, India
https://mastercard.wd1.myworkdayjobs.com/CorporateCareers/job/Pune-India/Senior-Software-Engineer--Java-Full-stack---AI--Python---PyTorch---TensorFlow--Hugging-Face-_R-278862-1	2026-07-05	workday-api	Senior Software Engineer (Java Full stack , AI, Python, PyTorch , TensorFlow, Hugging Face)	Mastercard	added	Pune, India
https://mastercard.wd1.myworkdayjobs.com/CorporateCareers/job/Pune-India/Senior-Software-Engineer---Big-Data---Streaming-Platforms--Spark---Kafka---NiFi-_R-276725	2026-07-05	workday-api	Senior Software Engineer - Automation Engineer (Spark / Kafka / NiFi)	Mastercard	added	Pune, India
https://mastercard.wd1.myworkdayjobs.com/CorporateCareers/job/Pune-India/Senior-Software-Engineer-1_R-280828	2026-07-05	workday-api	Senior Software Engineer-1	Mastercard	added	Pune, India
https://mastercard.wd1.myworkdayjobs.com/CorporateCareers/job/Pune-India/Senior-Software-Engineer--Mainframe-Developer-_R-262303	2026-07-05	workday-api	Senior Software Engineer (Mainframe Developer)	Mastercard	added	Pune, India
https://mastercard.wd1.myworkdayjobs.com/CorporateCareers/job/Pune-India/Lead-Software-Engineer---Development-in-Java--micro-services--RESTful-APIs--Angular--Cloud-Kubernetes-and-Docker_R-280848	2026-07-05	workday-api	Lead Software Engineer - Development in Java, micro services, RESTful APIs, Angular, Cloud Kubernetes and Docker	Mastercard	added	Pune, India
https://mastercard.wd1.myworkdayjobs.com/CorporateCareers/job/Pune-India/Lead-Software-Engineer---Github--Java--Springboot--Cloud--Kubernetes--Jenkins_R-273303	2026-07-05	workday-api	Lead Software Engineer - Github, Java & GO, Springboot, Cloud, Kubernetes, Jenkins	Mastercard	added	Pune, India
https://mastercard.wd1.myworkdayjobs.com/CorporateCareers/job/Pune-India/Sr-Principal-Software-Engineer_R-247297	2026-07-05	workday-api	Sr. Principal Software Engineer	Mastercard	added	Pune, India
https://mastercard.wd1.myworkdayjobs.com/CorporateCareers/job/Pune-India/Software-Engineer-II---CS_R-281017	2026-07-05	workday-api	Software Engineer II - CS	Mastercard	added	Pune, India
https://mastercard.wd1.myworkdayjobs.com/CorporateCareers/job/Pune-India/Senior-Software-Engineer--Java-full-stack--mcp-servers--AI-engineering-technologies--streaming-platform-_R-279459	2026-07-05	workday-api	Senior Software Engineer (Java full stack, mcp servers, AI engineering technologies, streaming platform)	Mastercard	added	Pune, India
https://mastercard.wd1.myworkdayjobs.com/CorporateCareers/job/Pune-India/Lead-Software-Engineer---Agentic-Systems_R-279158-1	2026-07-05	workday-api	Lead Software Engineer - Agentic Systems	Mastercard	added	Pune, India
https://mastercard.wd1.myworkdayjobs.com/CorporateCareers/job/Pune-India/Principal-Software-Engineer-Solution-Architect_R-278568-1	2026-07-05	workday-api	Principal Software Engineer/Solution Architect	Mastercard	added	Pune, India
https://mastercard.wd1.myworkdayjobs.com/CorporateCareers/job/Pune-India/Technical-Program-Management--Software-Engineering--Program-Management_R-249209	2026-07-05	workday-api	Technical Program Management/ Software Engineering/ Program Management	Mastercard	added	Pune, India
https://mastercard.wd1.myworkdayjobs.com/CorporateCareers/job/Pune-India/Lead-Software-Engineer--Mainframe-Testing-_R-277851	2026-07-05	workday-api	Lead Software Engineer (Mainframe Testing)	Mastercard	added	Pune, India
https://mastercard.wd1.myworkdayjobs.com/CorporateCareers/job/Pune-India/Senior-Software-Engineer---Automation-Testing---Java-Coding_R-273620	2026-07-05	workday-api	Senior Software Engineer - Automation Testing & Java Coding	Mastercard	added	Pune, India
https://mastercard.wd1.myworkdayjobs.com/CorporateCareers/job/Pune-India/Software-Engineer-II--Backend-Developer-_R-274179	2026-07-05	workday-api	Software Engineer II (Backend Developer)	Mastercard	added	Pune, India
https://mastercard.wd1.myworkdayjobs.com/CorporateCareers/job/Pune-India/Software-Engineer-II_R-276237	2026-07-05	workday-api	Software Engineer II	Mastercard	added	Pune, India
https://mastercard.wd1.myworkdayjobs.com/CorporateCareers/job/Pune-India/Senior-Software-Engineer---Test_R-275110	2026-07-05	workday-api	Senior Software Engineer - Test	Mastercard	added	Pune, India
https://mastercard.wd1.myworkdayjobs.com/CorporateCareers/job/Pune-India/Lead---Full-Stack-Web-Applications_R-276689-1	2026-07-05	workday-api	Lead – Full Stack Web Applications	Mastercard	added	Pune, India
https://www.meesho.io/jobs/software-development-engineer-iii-data?id=7bb1de7e-8756-412b-8c71-0ba40863edc8	2026-07-05	playwright	Software Development Engineer III - Data	Meesho	added	Bangalore
https://www.meesho.io/jobs/software-development-engineer-iii-devops?id=60e0d986-abe8-42ee-b172-0d9aecb307b7	2026-07-05	playwright	Software Development Engineer III - DevOps	Meesho	added	Bangalore
https://jobs.sap.com/job/Bangalore-Full-Stack-Cloud-Native-Developer-Digital-Manufacturing-%285%2BYears%29-560066/1382350833/	2026-07-05	playwright	Full Stack Cloud Native Developer - Digital Manufacturing	SAP Labs	added	Bangalore
https://jobs.sap.com/job/Bangalore-Senior-Full-Stack-Developer-JavaReact-KA-560066/1381614833/	2026-07-05	playwright	Senior Full Stack Developer - Java/React	SAP Labs	added	Bangalore
https://www.wellsfargojobs.com/en/jobs/r-537664/senior-software-engineer-java-spring-boot-microservices/	2026-07-05	playwright	Senior Software Engineer - Java Spring Boot Microservices	Wells Fargo	added	India
https://www.wellsfargojobs.com/en/jobs/r-551831/job-posting-title-senior-software-engineer-service-now/	2026-07-05	playwright	Senior Software Engineer - ServiceNow	Wells Fargo	added	India
https://www.wellsfargojobs.com/en/jobs/r-552570/senior-software-engineer/	2026-07-05	playwright	Senior Software Engineer	Wells Fargo	added	India
https://www.wellsfargojobs.com/en/jobs/r-552583/senior-software-engineer/	2026-07-05	playwright	Senior Software Engineer	Wells Fargo	added	India
https://www.wellsfargojobs.com/en/jobs/r-521635/lead-software-engineer/	2026-07-05	playwright	Lead Software Engineer	Wells Fargo	added	India
https://www.wellsfargojobs.com/en/jobs/r-530333/lead-software-engineer/	2026-07-05	playwright	Lead Software Engineer	Wells Fargo	added	India
https://www.wellsfargojobs.com/en/jobs/r-557084/lead-software-engineer/	2026-07-05	playwright	Lead Software Engineer	Wells Fargo	added	India
https://www.wellsfargojobs.com/en/jobs/r-557076/lead-software-engineer/	2026-07-05	playwright	Lead Software Engineer	Wells Fargo	added	India
https://www.wellsfargojobs.com/en/jobs/r-557053/lead-software-engineer/	2026-07-05	playwright	Lead Software Engineer	Wells Fargo	added	India
https://www.wellsfargojobs.com/en/jobs/r-557069/lead-software-engineer/	2026-07-05	playwright	Lead Software Engineer	Wells Fargo	added	India
https://search.jobs.barclays/job/pune/software-development-engineer-in-test-sdet/13015/96245899056	2026-07-05	playwright	Software Development Engineer in Test (SDET)	Barclays	added	Pune
https://www.visa.co.uk/en_gb/jobs/REF97291X	2026-07-05	playwright	Software Engineer - Sr. Consultant level	Visa	added	India
https://www.visa.co.uk/en_gb/jobs/REF97285T	2026-07-05	playwright	Software Engineer - Sr. Consultant level	Visa	added	India
https://www.visa.co.uk/en_gb/jobs/REF079131W	2026-07-05	playwright	Sr. Software Engineer, Disputes	Visa	added	India
https://www.visa.co.uk/en_gb/jobs/REF97233Q	2026-07-05	playwright	Software Engineer - Sr. Consultant level	Visa	added	India
https://www.visa.co.uk/en_gb/jobs/REF97222U	2026-07-05	playwright	NGC - Senior Software Engineer	Visa	added	India
https://www.visa.co.uk/en_gb/jobs/REF074856W	2026-07-05	playwright	Sr. Software Engineer, Core Banking	Visa	added	India
https://careers.unitedhealthgroup.com/job/gurgaon/senior-software-engineer/34088/97252424384	2026-07-05	playwright	Senior Software Engineer	Optum	added	Gurgaon India
https://careers.unitedhealthgroup.com/job/chennai/senior-software-engineer-aws-terraform-python-and-github-actions/34088/96767543600	2026-07-05	playwright	Senior Software Engineer - AWS Terraform Python	Optum	added	Chennai India
https://careers.unitedhealthgroup.com/job/gurgaon/lead-full-stack-engineer/34088/97246083424	2026-07-05	playwright	Lead Full Stack Engineer	Optum	added	Gurgaon India
https://careers.unitedhealthgroup.com/job/hyderabad/software-engineering-lead/34088/94804238144	2026-07-05	playwright	Software Engineering Lead	Optum	added	Hyderabad India
https://www.atlassian.com/company/careers/all-jobs?team=Engineering&location=India	2026-07-05	playwright	(0 Engineering roles in India)	Atlassian	skipped_title	India
https://jobs.nokia.com/en/sites/CX_1/jobs	2026-07-05	playwright	(0 matching titles)	Nokia	skipped_title	India
https://jobs.ebayinc.com/us/en/bengaluru	2026-07-05	playwright	(0 matching titles)	eBay	skipped_title	Bengaluru
https://indiajobs.target.com/location/bengaluru-jobs	2026-07-05	playwright	(0 matching titles)	Target India	skipped_title	Bengaluru
https://careers.slb.com/job-listing	2026-07-05	playwright	(Coveo SPA - could not extract)	SLB	skipped_title	India
https://www.precisely.com/careers-and-culture/international-jobs	2026-07-05	playwright	(landing page only)	Precisely	skipped_title	India
https://bayer.eightfold.ai/careers	2026-07-05	playwright	(Eightfold SPA - could not extract)	Bayer	skipped_title	India
https://aexp.eightfold.ai/careers	2026-07-05	playwright	(redirected to main page)	American Express	skipped_title	India
https://adobe.wd5.myworkdayjobs.com/external_experienced/job/Bangalore/Software-Development-Engineer5_R170295-1	2026-07-14	workday-api	Software Development Engineer.5	Adobe	added	Bangalore		2026-07-08
https://adobe.wd5.myworkdayjobs.com/external_experienced/job/Noida/Software-Development-Engineer-4_R170262	2026-07-14	workday-api	Software Development Engineer 4	Adobe	added	Noida		2026-07-13
https://adobe.wd5.myworkdayjobs.com/external_experienced/job/Bangalore/Software-Development-Engineer_R169795-1	2026-07-14	workday-api	Software Development Engineer	Adobe	added	Bangalore		2026-07-13
https://adobe.wd5.myworkdayjobs.com/external_experienced/job/Noida/Software-Development-Engineer-3_R170103	2026-07-14	workday-api	Software Development Engineer 3	Adobe	added	Noida		2026-07-09
https://adobe.wd5.myworkdayjobs.com/external_experienced/job/Noida/Software-Development-Engineer-3---Native-Android_R168159	2026-07-14	workday-api	Software Development Engineer 3 - Native Android	Adobe	added	Noida		2026-07-09
https://adobe.wd5.myworkdayjobs.com/external_experienced/job/Bangalore/Computer-Scientist---I_R169593-1	2026-07-14	workday-api	Computer Scientist - I ( Backend Heavy - Full Stack )	Adobe	added	Bangalore		
https://adobe.wd5.myworkdayjobs.com/external_experienced/job/Noida/Software-Engineer-2_R169381	2026-07-14	workday-api	Software Engineer 2	Adobe	added	Noida		
https://mastercard.wd1.myworkdayjobs.com/CorporateCareers/job/Pune-India/Software-Engineer-II--Mainframe-Developer-_R-262302	2026-07-14	workday-api	Software Engineer II (Mainframe Developer)	Mastercard	added	Pune, India		2026-07-14
https://mastercard.wd1.myworkdayjobs.com/CorporateCareers/job/Pune-India/Software-Engineer-II-Java-Full-stack-Developer_R-281493	2026-07-14	workday-api	Software Engineer II Java Full stack Developer	Mastercard	added	Pune, India		2026-07-13
https://mastercard.wd1.myworkdayjobs.com/CorporateCareers/job/Pune-India/Senior-Software-Engineer--C---Developer---Unix-Linux---ISO-8583---Payment-Domain-_R-280086-1	2026-07-14	workday-api	Software Engineer II (C, C++ on Unix, Experience with socket programming, IPC)	Mastercard	added	Pune, India		2026-07-08
https://mastercard.wd1.myworkdayjobs.com/CorporateCareers/job/Navi-Mumbai-India-Finicity/Software-Engineer-II_R-275092	2026-07-14	workday-api	Software Engineer II	Mastercard	added	Navi Mumbai, India (Finicity)		2026-07-07
https://mastercard.wd1.myworkdayjobs.com/CorporateCareers/job/Pune-India/Software-Engineer-II--Software-Engineer-in-Test--_R-274181	2026-07-14	workday-api	Software Engineer II (Software Engineer in Test )	Mastercard	added	Pune, India		
https://adobe.wd5.myworkdayjobs.com/external_experienced/job/Noida/Software-Development-Engineer_R169130-1	2026-07-20	workday-api	Software Development Engineer	Adobe	added	Noida		
https://mastercard.wd1.myworkdayjobs.com/CorporateCareers/job/Navi-Mumbai-India-Finicity/Software-Engineer-II_R-282346	2026-07-20	workday-api	Software Engineer II	Mastercard	added	Navi Mumbai, India (Finicity)		2026-07-20
https://mastercard.wd1.myworkdayjobs.com/CorporateCareers/job/Pune-India/Software-Engineer-II--Mainframe-Developer-_R-274163	2026-07-20	workday-api	Software Engineer II (Mainframe Developer)	Mastercard	added	Pune, India		2026-07-20
https://mastercard.wd1.myworkdayjobs.com/CorporateCareers/job/Pune-India/Software-Engineer-I_R-282195	2026-07-20	workday-api	Software Engineer I	Mastercard	added	Pune, India		2026-07-18
https://mastercard.wd1.myworkdayjobs.com/CorporateCareers/job/Pune-India/Software-Engineer-II-2_R-282788-1	2026-07-20	workday-api	Software Engineer II-2	Mastercard	added	Pune, India		2026-07-16
https://mastercard.wd1.myworkdayjobs.com/CorporateCareers/job/Pune-India/Software-Engineer-II-1_R-282787	2026-07-20	workday-api	Software Engineer II-1	Mastercard	added	Pune, India		2026-07-16
https://mastercard.wd1.myworkdayjobs.com/CorporateCareers/job/Pune-India/Software-Engineer-II_R-280085-1	2026-07-20	workday-api	Software Engineer II	Mastercard	added	Pune, India		2026-07-17
https://mastercard.wd1.myworkdayjobs.com/CorporateCareers/job/Pune-India/Software-Engineer-II_R-211834	2026-07-20	workday-api	Software Engineer II	Mastercard	added	Pune, India		
https://mastercard.wd1.myworkdayjobs.com/CorporateCareers/job/Pune-India/Software-Engineer-II_R-208485	2026-07-20	workday-api	Software Engineer II	Mastercard	added	Pune, India		
https://apply.careers.microsoft.com/careers/job/1970393556636678?hl=en	2026-07-20	Playwright — Microsoft India	Software Engineer	Microsoft	added	India (Multiple Locations)		2026-07-16
https://jobs.ebayinc.com/us/en/job/R0074385/MTS-1-Mobile-Security-Engineer	2026-07-20	Playwright — eBay Bengaluru	MTS 1 - Mobile Security Engineer	eBay	added	Bengaluru, India		
https://jobs.ebayinc.com/us/en/job/R0074386/MTS-1-Mobile-Security-Engineer	2026-07-20	Playwright — eBay Bengaluru	MTS 1 - Mobile Security Engineer	eBay	added	Bengaluru, India		
https://visa.wd5.myworkdayjobs.com/Visa/job/IN---Bengaluru-India/Software-Engineer_REF082722W	2026-07-20	workday-api	Software Engineer	Visa	added	IN - Bengaluru, India		
https://search.jobs.barclays/job/pune/software-engineer/13015/95119674384	2026-07-20	Playwright — Barclays India	Software Engineer	Barclays	added	Pune, India		
https://search.jobs.barclays/job/pune/software-engineer/13015/96202498032	2026-07-20	Playwright — Barclays India	Software Engineer	Barclays	added	Pune, India		
https://search.jobs.barclays/job/pune/software-engineer/13015/96830338544	2026-07-20	Playwright — Barclays India	Software Engineer	Barclays	added	Pune, India		
https://search.jobs.barclays/job/pune/software-engineer/13015/96202502064	2026-07-20	Playwright — Barclays India	Software Engineer	Barclays	added	Pune, India		
https://search.jobs.barclays/job/pune/software-engineer/13015/91304562464	2026-07-20	Playwright — Barclays India	Software Engineer	Barclays	added	Pune, India		
https://search.jobs.barclays/job/pune/software-engineer/13015/97879181104	2026-07-20	Playwright — Barclays India	Software Engineer	Barclays	added	Pune, India		
https://search.jobs.barclays/job/pune/software-engineer/13015/96025654432	2026-07-20	Playwright — Barclays India	Software Engineer	Barclays	added	Pune, India		
https://search.jobs.barclays/job/pune/software-engineer/13015/96202501344	2026-07-20	Playwright — Barclays India	Software Engineer	Barclays	added	Pune, India		
https://search.jobs.barclays/job/pune/software-engineer/13015/96202501392	2026-07-20	Playwright — Barclays India	Software Engineer	Barclays	added	Pune, India		
https://search.jobs.barclays/job/pune/software-engineer/13015/94687913696	2026-07-20	Playwright — Barclays India	Software Engineer	Barclays	added	Pune, India		
https://search.jobs.barclays/job/pune/software-engineer/13015/98038730256	2026-07-20	Playwright — Barclays India	Software Engineer	Barclays	added	Pune, India		
https://search.jobs.barclays/job/bengaluru/software-engineer/13015/95980029232	2026-07-20	Playwright — Barclays India	Software Engineer	Barclays	added	Bengaluru, India		
https://search.jobs.barclays/job/pune/software-engineer/13015/95549296880	2026-07-20	Playwright — Barclays India	Software Engineer	Barclays	added	Pune, India		
https://search.jobs.barclays/job/pune/software-engineer/13015/95536470528	2026-07-20	Playwright — Barclays India	Software Engineer	Barclays	added	Pune, India		
https://search.jobs.barclays/job/pune/software-engineer/13015/96919935456	2026-07-20	Playwright — Barclays India	Software Engineer	Barclays	added	Pune, India		
https://www.wellsfargojobs.com/en/jobs/r-560662/	2026-07-20	Playwright — Wells Fargo India	Software Engineer - Golang and/or Python	Wells Fargo	added	India		
https://www.wellsfargojobs.com/en/jobs/r-551920/	2026-07-20	Playwright — Wells Fargo India	Software Engineer/ Gen AI /Google ADK/ LangChain Python	Wells Fargo	added	India		
https://jobs.intuit.com/job/bengaluru/software-engineer-credit-karma/27595/98034325664	2026-07-20	Playwright — Intuit India	Software Engineer - Credit Karma	Intuit	added	Bengaluru, India		
https://indiajobs.target.com/job/bengaluru/engineer-target-india/34386/91912927920	2026-07-20	Playwright — Target India	Engineer	Target India	added	Bengaluru, India		
https://gameberry.keka.com/careers/jobdetails/78044	2026-07-21	playwright-cli	SDE - I (PS)	Gameberry Labs	added	Bangalore
https://www.hackerrank.com/careers/job?id=7771695#Software%20Development%20Engineer%20in%20Test%20II	2026-07-21	playwright-cli	Software Development Engineer in Test II	HackerRank	added	Hybrid in Bangalore, India
https://nxtwave.freshteam.com/jobs/IZM4QfSpBhtB/full-stack-developer-2	2026-07-21	playwright-cli	Full Stack Developer - 2	NxtWave	added	
